Employee Number,Hourly Rate,Monthly Income,Monthly Pay Rate,Standard Hours,Percent Salary Increase
1,94,5993,19479,80,11%
2,61,5130,24907,80,23%
4,92,2090,2396,80,15%
5,56,2909,23159,80,11%
7,40,3468,16632,80,12%
8,79,3068,11864,80,13%
10,81,2670,9964,80,20%
11,67,2693,13335,80,22%
12,44,9526,8787,80,21%
13,94,5237,16577,80,13%
14,84,2426,16479,80,13%
15,49,4193,12682,80,12%
16,31,2911,15170,80,17%
18,93,2661,8758,80,11%
19,50,2028,12947,80,14%
20,51,9980,10195,80,11%
21,80,3298,15053,80,12%
22,96,2935,7324,80,13%
23,78,15427,22021,80,16%
24,45,3944,4306,80,11%
26,96,4011,8232,80,18%
27,82,3407,6986,80,23%
28,53,11994,21293,80,11%
30,96,1232,19281,80,14%
31,83,2960,17102,80,11%
32,58,19094,10735,80,11%
33,72,3919,4681,80,22%
35,48,6825,21173,80,11%
36,42,10248,2094,80,14%
38,83,18947,22822,80,12%
39,78,2496,6670,80,11%
40,41,6465,19121,80,13%
41,83,2206,16117,80,13%
42,56,2086,3335,80,14%
45,61,2293,3020,80,16%
46,72,2645,21923,80,12%
47,86,2683,3810,80,14%
49,97,2014,9687,80,13%
51,82,3419,13072,80,14%
52,42,5376,3193,80,19%
53,75,1951,10910,80,12%
54,33,2341,19715,80,13%
55,48,2293,10558,80,12%
56,37,8726,2975,80,15%
57,58,4011,10781,80,23%
58,49,19545,16280,80,12%
60,72,4568,10034,80,20%
61,73,3022,10227,80,21%
62,98,5772,20445,80,21%
63,36,2269,4892,80,19%
64,98,5381,19294,80,13%
65,50,3441,11179,80,13%
68,75,5454,4009,80,21%
70,79,9884,8302,80,13%
72,47,4157,21436,80,19%
73,98,13458,15146,80,12%
74,71,9069,11031,80,22%
75,30,4014,16002,80,15%
76,48,5915,9528,80,22%
77,51,5993,2689,80,18%
78,33,6162,10877,80,22%
79,50,2406,5456,80,11%
80,43,18740,16701,80,12%
81,99,7637,2354,80,11%
83,59,10096,8202,80,13%
84,33,14756,19730,80,14%
85,95,6499,22656,80,13%
86,59,9724,18787,80,17%
88,79,2194,5868,80,13%
90,79,3388,21777,80,17%
91,57,5473,24668,80,11%
94,76,2703,4956,80,23%
95,87,2501,18775,80,17%
96,66,6220,7346,80,17%
97,55,3038,22002,80,12%
98,61,4424,20682,80,23%
100,32,4312,23016,80,14%
101,52,13245,15067,80,14%
102,30,13664,25258,80,13%
103,80,5021,10425,80,22%
104,55,5126,15998,80,12%
105,30,2859,26278,80,18%
106,70,10239,18092,80,14%
107,79,5329,15717,80,12%
110,94,4325,17736,80,15%
112,49,7260,21698,80,11%
113,62,2322,9518,80,13%
116,96,2075,18725,80,23%
117,99,4152,15830,80,19%
118,64,9619,13596,80,16%
119,78,13503,14115,80,22%
120,71,5441,8423,80,22%
121,63,5209,19760,80,12%
124,40,10673,3142,80,13%
125,87,5010,24301,80,16%
126,60,13549,24001,80,12%
128,33,4999,17519,80,21%
129,43,4221,8863,80,15%
131,37,13872,24409,80,13%
132,67,2042,25043,80,12%
133,63,2073,23648,80,22%
134,71,2956,15178,80,13%
137,66,2926,19783,80,18%
138,41,4809,12482,80,14%
139,100,5163,15850,80,14%
140,32,18844,21922,80,21%
141,73,18172,9755,80,19%
142,46,5744,26959,80,11%
143,64,2889,26897,80,11%
144,59,2871,23785,80,15%
145,30,7484,25796,80,20%
147,66,6074,22887,80,24%
148,30,17328,13871,80,12%
150,52,2774,13257,80,12%
151,45,4505,15000,80,15%
152,87,7428,14506,80,12%
153,45,11631,5615,80,12%
154,92,9738,22952,80,14%
155,39,2835,2561,80,22%
158,92,16959,19494,80,12%
159,96,2613,22310,80,25%
160,95,6146,15480,80,13%
161,72,4963,4510,80,18%
162,51,19537,6462,80,13%
163,76,6172,20739,80,18%
164,46,2368,23300,80,19%
165,94,10312,3465,80,12%
167,50,1675,26820,80,19%
169,100,2523,19299,80,14%
170,96,6567,5549,80,14%
171,72,4739,16090,80,12%
174,77,9208,6645,80,11%
175,71,4559,24788,80,11%
176,96,8189,21196,80,13%
177,61,2942,8916,80,23%
178,84,4941,2819,80,20%
179,53,10650,25150,80,15%
182,47,5902,14590,80,14%
183,41,8639,24835,80,18%
184,48,6347,13982,80,19%
190,41,4200,10224,80,22%
192,83,3452,9752,80,13%
193,32,4317,2302,80,20%
194,75,2632,23910,80,14%
195,35,4668,22812,80,17%
197,84,3204,10415,80,14%
198,35,2720,11162,80,13%
199,91,17181,12888,80,13%
200,94,2238,6961,80,21%
201,79,1483,16102,80,14%
202,54,5605,8504,80,11%
204,94,7295,11439,80,13%
205,34,2306,16047,80,20%
206,60,2348,10901,80,18%
207,43,8998,15589,80,14%
208,41,4319,26283,80,13%
211,34,6132,13983,80,17%
214,75,3346,11873,80,20%
215,67,10855,8552,80,11%
216,75,2231,11314,80,18%
217,80,2323,11992,80,24%
218,57,2024,5970,80,18%
221,42,2713,6672,80,11%
223,83,9439,23402,80,16%
224,79,2566,25326,80,15%
226,53,19926,17053,80,15%
227,56,2451,4609,80,12%
228,41,9419,8053,80,12%
230,59,8686,12930,80,22%
231,43,3038,12430,80,20%
233,51,3058,13364,80,16%
235,100,2325,20989,80,21%
238,30,2088,15062,80,12%
239,66,3072,11012,80,11%
240,30,5006,6319,80,11%
241,67,4257,13939,80,18%
242,90,2500,10515,80,14%
243,47,1102,9241,80,22%
244,92,10453,2137,80,25%
245,75,2288,6319,80,12%
246,95,3929,6984,80,23%
247,95,2311,5711,80,15%
248,70,3140,21728,80,22%
249,86,3690,3425,80,15%
250,57,4450,26250,80,11%
252,72,2756,4673,80,13%
253,46,19033,6499,80,14%
254,61,18722,13339,80,11%
256,45,9547,14074,80,17%
258,98,13734,7192,80,18%
259,65,19999,5678,80,14%
260,99,2279,11781,80,16%
261,50,5916,15497,80,13%
262,37,2089,5228,80,14%
264,65,16792,20462,80,23%
267,65,3564,22977,80,12%
269,37,4425,15986,80,11%
270,36,5265,16439,80,16%
271,88,6553,7259,80,14%
273,54,6261,4185,80,18%
274,60,4298,9679,80,19%
275,92,6804,23793,80,15%
277,43,3815,5972,80,17%
281,99,2741,16523,80,15%
282,70,6673,11354,80,19%
283,35,7639,24525,80,22%
284,60,2328,12392,80,16%
286,73,2153,7703,80,13%
287,63,4876,14242,80,14%
288,97,9396,12368,80,16%
291,32,10400,25812,80,11%
292,88,8474,20925,80,22%
293,90,9981,12916,80,14%
296,81,12490,15736,80,16%
297,88,2657,8556,80,11%
298,75,13591,14674,80,18%
299,52,6696,22967,80,15%
300,85,2058,19757,80,14%
302,57,8865,16840,80,12%
303,52,5940,17011,80,14%
304,62,5914,9945,80,16%
305,47,2622,13248,80,21%
306,47,12185,10056,80,14%
307,76,10609,9647,80,12%
308,90,4345,4381,80,12%
309,70,2177,8456,80,17%
311,41,2793,2539,80,17%
312,42,7918,6599,80,14%
314,92,8789,9096,80,14%
315,86,2389,14961,80,13%
316,89,3212,3300,80,15%
319,58,19232,4933,80,11%
321,52,2267,25657,80,17%
323,68,19517,24118,80,11%
325,58,2436,22149,80,13%
327,80,16064,7744,80,22%
328,39,2707,21509,80,20%
329,79,19068,21030,80,18%
330,56,3931,20990,80,11%
331,62,3730,9571,80,14%
332,96,2232,15417,80,14%
333,100,4465,12069,80,18%
334,36,3072,19877,80,16%
335,62,3319,24447,80,17%
336,70,19202,15970,80,11%
337,73,13675,13523,80,12%
338,63,2911,14776,80,13%
339,84,5957,23687,80,13%
340,83,3920,18697,80,14%
341,77,6434,5118,80,17%
342,61,10048,22573,80,11%
343,64,10938,6420,80,25%
346,60,2340,22673,80,19%
347,82,6545,23016,80,13%
349,45,6931,10732,80,14%
350,62,4898,7505,80,12%
351,56,2593,8007,80,11%
352,49,19436,5949,80,19%
353,96,2723,23231,80,11%
355,71,3479,11652,80,11%
359,100,2794,26062,80,20%
361,39,5249,19682,80,18%
362,84,2176,19737,80,13%
363,75,16872,14977,80,12%
364,79,3485,14935,80,11%
366,78,6644,3687,80,19%
367,64,5582,14408,80,21%
369,85,4000,18384,80,12%
372,79,13496,7501,80,14%
373,47,3210,20251,80,11%
374,81,19045,18938,80,14%
376,88,11849,10268,80,12%
377,94,2070,2613,80,23%
378,98,6502,22825,80,14%
379,100,3230,10531,80,17%
380,80,13603,11677,80,18%
381,71,11996,19100,80,18%
382,44,5605,19191,80,24%
384,84,6397,26767,80,20%
385,96,19144,15815,80,14%
386,45,17584,21016,80,16%
387,99,4907,24532,80,25%
388,44,4554,20260,80,18%
389,37,5415,15972,80,19%
390,60,4741,22722,80,13%
391,42,2115,15881,80,12%
392,43,3161,19920,80,22%
393,82,5745,18899,80,14%
394,45,2373,14180,80,13%
395,66,3310,4488,80,21%
396,35,18665,25594,80,11%
397,30,4485,26285,80,12%
399,84,2789,3909,80,11%
401,48,5828,8450,80,12%
403,53,2326,11411,80,12%
404,77,13525,14864,80,14%
405,54,1420,25233,80,13%
406,96,8020,5100,80,15%
407,81,3688,7122,80,18%
408,84,5482,16321,80,18%
410,88,16015,15896,80,19%
411,69,1200,9724,80,12%
412,68,5661,4824,80,19%
416,100,6929,12241,80,11%
417,48,9613,10942,80,17%
419,47,5674,6927,80,15%
420,91,5484,16985,80,14%
421,81,12061,26707,80,17%
422,32,5660,17056,80,13%
423,86,4821,10077,80,12%
424,62,6410,17822,80,12%
425,97,5210,20308,80,18%
426,32,2695,7747,80,18%
428,74,11878,23364,80,11%
429,99,17068,5355,80,14%
430,33,2455,10675,80,19%
431,90,13964,17810,80,12%
433,85,4941,17747,80,15%
434,85,2478,20938,80,12%
436,65,5228,24624,80,11%
437,74,4478,5242,80,11%
438,73,7547,7143,80,12%
439,74,5055,10557,80,16%
440,84,3464,24737,80,13%
441,64,5775,11934,80,13%
442,48,8943,14034,80,24%
444,54,19272,21141,80,15%
445,41,5238,17778,80,18%
446,46,4682,4317,80,14%
447,42,18300,16375,80,11%
448,82,5257,6227,80,11%
449,73,6349,22107,80,13%
450,31,4869,16885,80,12%
451,43,9985,9262,80,16%
452,75,3697,9278,80,14%
453,57,7457,13273,80,22%
454,77,2119,4759,80,11%
455,30,3983,7621,80,17%
456,30,6118,5431,80,13%
458,56,6214,3415,80,18%
460,61,6347,23177,80,16%
461,92,11510,15682,80,14%
462,39,7143,25713,80,14%
463,39,8268,11866,80,14%
464,62,8095,18264,80,13%
465,83,2904,16092,80,12%
466,95,6032,10110,80,15%
467,99,2976,25751,80,19%
468,44,15992,15901,80,14%
469,61,4649,16928,80,14%
470,52,2696,24017,80,11%
471,75,2370,3956,80,13%
473,91,12504,23978,80,21%
474,51,5974,17001,80,13%
475,85,4736,6069,80,12%
476,57,5296,20156,80,17%
477,98,6781,17078,80,23%
478,99,2174,9150,80,11%
479,45,6653,15276,80,15%
481,48,9699,7246,80,11%
482,88,6755,2967,80,11%
483,46,2213,22495,80,13%
484,39,2610,2851,80,24%
485,34,2851,9150,80,13%
486,98,3452,17663,80,20%
487,30,5258,16044,80,14%
488,56,9355,9558,80,18%
491,100,10496,2755,80,15%
492,68,6380,6110,80,12%
493,42,2657,7551,80,16%
494,90,2716,25422,80,15%
495,54,2201,18168,80,16%
496,97,6540,19394,80,19%
497,82,3816,17881,80,11%
498,92,5253,20750,80,16%
499,31,10965,12066,80,24%
500,87,4936,14862,80,11%
501,96,2543,11868,80,13%
502,67,5304,4652,80,13%
505,97,16659,23258,80,13%
507,77,4260,5915,80,12%
508,72,2476,17434,80,18%
510,73,3102,6582,80,22%
511,43,2244,24440,80,13%
513,61,7596,3809,80,13%
514,40,2285,3427,80,23%
515,95,3034,26914,80,12%
516,46,5715,22553,80,12%
517,95,2576,20490,80,16%
518,49,4197,21123,80,12%
520,59,14336,4345,80,11%
521,78,3448,13436,80,22%
522,86,19406,8509,80,11%
523,72,6538,12740,80,15%
524,31,4306,4156,80,12%
525,61,2258,15238,80,20%
526,74,4522,2227,80,14%
527,99,4487,12090,80,11%
529,72,4449,23866,80,15%
530,98,2218,16193,80,12%
531,52,19197,8213,80,14%
532,86,13212,18256,80,11%
533,83,6577,19558,80,11%
534,49,8392,19566,80,16%
536,79,4558,13535,80,12%
538,91,4031,9396,80,13%
543,39,7969,19609,80,14%
544,69,2654,9655,80,21%
546,30,16555,10310,80,13%
547,92,4556,12932,80,11%
548,43,6091,24793,80,20%
549,41,19566,3854,80,11%
550,87,4810,26314,80,14%
551,88,4523,4386,80,11%
554,62,3202,21972,80,16%
555,33,2351,12253,80,16%
556,42,1702,12106,80,23%
558,79,18041,13022,80,14%
560,90,2886,3032,80,22%
562,53,2097,16734,80,15%
564,93,11935,21526,80,18%
565,71,2546,18300,80,16%
566,52,2564,18437,80,12%
567,69,8412,2890,80,11%
568,56,14118,22102,80,12%
569,88,17046,9314,80,15%
571,49,2564,7181,80,14%
573,80,10266,2845,80,19%
574,65,5070,7389,80,13%
575,51,17861,2288,80,13%
577,46,4230,19225,80,15%
578,42,3780,23428,80,11%
579,62,2768,8416,80,12%
580,94,9071,11563,80,19%
581,33,10648,14394,80,25%
582,56,13610,24619,80,12%
584,38,3408,6705,80,13%
585,57,2983,18398,80,14%
586,72,7632,14295,80,12%
587,66,9824,22908,80,12%
590,43,9950,11533,80,15%
591,97,2093,9260,80,17%
592,32,9980,15318,80,14%
593,99,3894,9129,80,16%
595,37,4051,19658,80,14%
597,83,16835,9873,80,23%
599,56,6230,13430,80,14%
600,85,4717,18659,80,11%
601,75,13237,20364,80,15%
602,48,3755,17872,80,11%
604,77,6582,8346,80,13%
605,56,7406,6950,80,21%
606,61,4805,16177,80,19%
608,58,2741,22808,80,11%
611,34,4262,22645,80,12%
612,95,16184,22578,80,19%
613,44,11557,25291,80,21%
614,69,1878,8059,80,14%
615,58,10932,11373,80,15%
616,62,6811,2112,80,17%
618,45,4306,4267,80,12%
620,80,4859,6698,80,16%
621,74,5337,19921,80,12%
622,66,2340,23213,80,18%
623,59,7491,23848,80,17%
624,86,10527,8984,80,11%
625,91,16595,5626,80,16%
626,69,8834,24666,80,13%
630,78,5577,22087,80,12%
631,60,4707,23914,80,12%
632,38,2400,5530,80,13%
634,76,9824,22174,80,19%
635,65,6447,15701,80,12%
638,58,19502,2125,80,17%
639,89,2725,21630,80,11%
641,66,6272,7428,80,20%
643,94,2127,9100,80,21%
644,99,18200,7999,80,11%
645,40,2096,26376,80,11%
647,55,2886,14168,80,16%
648,74,2033,14470,80,18%
649,83,3622,22794,80,13%
650,46,4233,11512,80,17%
652,54,3681,14004,80,14%
653,66,5460,6219,80,22%
655,66,2187,5013,80,12%
656,75,9602,3010,80,11%
657,83,2836,11757,80,13%
659,81,4089,5718,80,13%
661,50,16627,2671,80,14%
662,43,2619,14561,80,17%
663,72,5679,19627,80,13%
664,40,15402,17997,80,11%
665,50,5985,26894,80,11%
666,31,2579,2912,80,18%
667,85,3041,16346,80,11%
669,49,3447,24444,80,11%
671,35,19513,9358,80,12%
675,69,2773,12145,80,20%
677,39,7104,20431,80,12%
679,92,6322,18089,80,12%
680,71,2083,22653,80,20%
682,34,8381,7507,80,20%
683,42,2691,7660,80,12%
684,100,4286,5630,80,14%
686,71,2659,17759,80,13%
689,36,9434,9606,80,15%
690,62,5561,3487,80,14%
691,82,6646,19368,80,13%
692,30,7725,5335,80,23%
698,88,10725,6729,80,15%
699,48,8847,13934,80,11%
700,54,2045,15174,80,13%
701,32,1009,26999,80,11%
702,70,3348,3164,80,11%
704,41,1281,16900,80,18%
705,58,2819,8544,80,16%
707,57,4851,15678,80,22%
709,46,4028,7791,80,20%
710,76,2720,18959,80,18%
712,56,8120,18597,80,12%
714,71,4647,16673,80,20%
715,80,4680,15232,80,17%
716,74,3221,3297,80,11%
717,46,8621,17654,80,14%
720,65,4577,24785,80,14%
721,80,4553,20978,80,11%
722,55,5396,21703,80,12%
723,50,6796,23452,80,14%
724,33,7625,19383,80,13%
725,68,7412,6009,80,11%
727,39,11159,19373,80,15%
728,42,4960,11825,80,12%
729,48,10475,23772,80,21%
730,59,14814,13514,80,19%
731,73,19141,8861,80,15%
732,84,5405,11924,80,14%
733,32,8793,4809,80,21%
734,59,19189,19562,80,12%
738,54,3875,9983,80,15%
741,67,2216,3872,80,13%
742,63,11713,20335,80,14%
743,81,7861,15397,80,14%
744,49,3708,2104,80,14%
746,49,13770,10225,80,12%
747,99,5304,25275,80,23%
749,99,2642,2755,80,11%
752,57,2759,20366,80,12%
754,47,6804,23683,80,18%
757,96,6142,7360,80,11%
758,37,2500,4344,80,14%
760,44,6389,18767,80,15%
762,81,11103,20420,80,11%
763,86,2342,22929,80,20%
764,55,6811,23398,80,19%
766,83,2297,17967,80,14%
769,86,2450,10919,80,17%
771,61,5093,4761,80,11%
772,80,5309,21146,80,15%
773,92,3057,20471,80,13%
775,32,5121,4187,80,14%
776,31,16856,10084,80,11%
780,63,2686,5207,80,13%
781,32,6180,22807,80,23%
783,46,6632,12388,80,13%
784,79,3505,19630,80,18%
785,77,6397,10339,80,12%
786,60,6274,18686,80,22%
787,78,19859,21199,80,13%
789,76,7587,14229,80,15%
791,41,4258,26589,80,18%
792,71,4364,5288,80,14%
793,66,4335,25549,80,12%
796,38,5326,3064,80,17%
797,72,3280,13551,80,16%
799,95,5485,22670,80,11%
800,84,4342,24008,80,19%
802,82,2782,19905,80,13%
803,75,5980,26085,80,12%
804,86,4381,7530,80,11%
805,72,2572,20317,80,16%
806,38,3833,24375,80,21%
807,38,4244,9931,80,24%
808,93,6500,13305,80,17%
809,66,18430,16225,80,13%
811,63,1601,3445,80,21%
812,60,2694,26551,80,11%
813,82,3149,21821,80,20%
815,64,17639,6881,80,16%
816,36,2319,6689,80,11%
817,49,11691,25995,80,11%
819,69,5324,26507,80,15%
820,33,16752,12982,80,11%
823,35,5228,23361,80,15%
824,81,2700,23779,80,24%
825,31,19246,25761,80,12%
826,40,2506,13301,80,13%
827,43,6062,4051,80,13%
828,46,4382,16374,80,17%
829,36,2143,25527,80,13%
830,98,6162,19124,80,12%
832,51,5094,11983,80,14%
833,52,6877,20234,80,24%
834,95,2274,6153,80,14%
836,98,4434,11806,80,13%
837,45,6288,4284,80,15%
838,100,2553,8306,80,16%
840,43,7654,5860,80,18%
842,37,5160,21519,80,16%
843,94,17159,5200,80,24%
844,42,12808,8842,80,16%
845,59,10221,18869,80,21%
846,81,4779,3698,80,20%
847,88,3737,2243,80,19%
848,88,2366,20898,80,14%
850,50,1706,16571,80,11%
851,66,16307,5594,80,14%
852,50,5933,5197,80,12%
854,65,3424,21632,80,13%
855,48,4037,21816,80,22%
856,53,2559,17852,80,11%
857,56,6201,2823,80,14%
859,73,4403,9250,80,11%
861,75,3761,2373,80,12%
862,78,10934,20715,80,18%
864,74,10761,19239,80,12%
865,91,5175,22162,80,12%
867,81,13826,19028,80,22%
868,66,6334,24558,80,19%
869,63,4936,23965,80,13%
872,33,4775,19146,80,22%
874,62,2818,5044,80,24%
875,35,2515,9068,80,14%
878,77,2342,8635,80,21%
879,98,4194,14363,80,18%
880,66,10685,23457,80,20%
881,96,2022,16612,80,19%
882,61,2314,9148,80,12%
885,87,4256,18154,80,12%
887,36,3580,10554,80,16%
888,46,3162,10778,80,17%
889,48,6524,8891,80,14%
893,98,2899,12102,80,19%
894,95,5231,23726,80,13%
895,48,2356,14871,80,19%
896,48,2800,23522,80,19%
897,73,11836,22789,80,14%
899,78,10903,9129,80,16%
900,54,2973,21222,80,15%
901,72,14275,20206,80,18%
902,33,5562,21782,80,13%
903,35,4537,17783,80,22%
904,32,7642,4814,80,13%
905,98,17924,4544,80,11%
909,42,5204,7790,80,11%
910,57,2277,22650,80,11%
911,87,2795,18016,80,24%
912,62,2532,6054,80,14%
913,61,2559,7508,80,13%
916,98,4908,24252,80,14%
918,57,2380,13384,80,14%
920,55,4765,23814,80,21%
922,49,2044,22052,80,13%
923,65,2693,8870,80,19%
924,68,6586,4821,80,17%
925,65,3294,13137,80,18%
926,34,4171,10022,80,19%
927,57,2778,17725,80,13%
930,77,2377,9834,80,18%
932,70,2404,4303,80,21%
933,76,2318,17808,80,19%
934,83,2008,6896,80,14%
936,68,6244,7824,80,17%
939,100,2799,3339,80,11%
940,37,10552,9255,80,13%
941,41,2329,11737,80,15%
942,51,4014,19170,80,25%
944,51,7403,22477,80,11%
945,51,2259,5543,80,17%
947,45,6932,24406,80,13%
949,65,4678,23293,80,18%
950,80,13582,16292,80,13%
951,70,2332,3974,80,20%
952,36,2413,18798,80,18%
954,67,9705,20652,80,12%
956,52,4294,11148,80,12%
957,59,4721,3119,80,13%
958,79,2519,12287,80,21%
959,37,2121,9947,80,13%
960,84,2973,13008,80,19%
961,41,5855,17369,80,11%
964,35,3617,25063,80,14%
966,93,6725,13554,80,12%
967,51,10325,5518,80,11%
969,42,6949,12291,80,14%
970,46,10609,14922,80,11%
972,57,4447,23163,80,12%
974,84,2157,18203,80,15%
975,86,4601,6179,80,16%
976,70,17099,13829,80,15%
977,51,2479,26227,80,24%
981,45,14852,13938,80,13%
982,62,7264,9977,80,11%
983,85,5666,19899,80,13%
984,92,7823,6812,80,13%
985,41,7880,2560,80,18%
986,100,13194,17071,80,16%
987,64,5067,6759,80,19%
990,84,5079,25952,80,13%
991,46,2321,10322,80,22%
992,38,17444,20489,80,11%
994,92,2404,11479,80,20%
995,53,3452,17241,80,18%
996,91,2270,11005,80,14%
997,66,17399,6615,80,22%
998,84,5488,20161,80,13%
999,64,19419,3735,80,17%
1001,37,2811,12086,80,14%
1002,42,3633,14039,80,15%
1003,83,4163,8571,80,17%
1004,48,2132,11539,80,11%
1005,95,13973,4161,80,18%
1006,66,2684,12127,80,17%
1007,75,10845,24208,80,13%
1009,41,4377,24117,80,15%
1010,39,3743,10074,80,24%
1011,96,4148,11275,80,12%
1012,73,1051,13493,80,15%
1013,56,10739,13943,80,11%
1014,57,10388,6975,80,11%
1015,73,11416,17802,80,12%
1016,98,2600,18275,80,15%
1017,60,2422,25725,80,17%
1018,32,5472,3334,80,12%
1019,94,2451,6881,80,15%
1022,97,4240,13119,80,13%
1024,78,10999,22245,80,14%
1025,42,5003,23371,80,14%
1026,65,12742,7060,80,16%
1027,47,4227,4658,80,18%
1028,45,3917,9541,80,20%
1029,90,18303,7770,80,13%
1030,64,2380,20165,80,18%
1032,69,13726,21829,80,13%
1033,61,4777,14382,80,15%
1034,62,6385,12992,80,14%
1035,55,19973,20284,80,22%
1036,42,6861,4981,80,12%
1037,79,4969,21813,80,18%
1038,57,19845,25846,80,15%
1039,53,13320,11737,80,18%
1040,95,6347,24920,80,12%
1042,43,2743,8269,80,16%
1043,82,10880,5083,80,13%
1044,88,2342,21437,80,19%
1045,90,17650,5404,80,13%
1046,69,4025,11135,80,12%
1047,75,9725,12278,80,11%
1048,66,11904,11038,80,14%
1049,36,2177,8318,80,16%
1050,38,7525,23537,80,12%
1052,81,4834,7858,80,14%
1053,57,2042,15346,80,14%
1055,87,2220,18410,80,19%
1056,74,1052,23384,80,22%
1060,44,2821,2997,80,16%
1061,62,19237,12853,80,11%
1062,35,4107,13848,80,15%
1066,74,8396,22217,80,14%
1068,66,2007,25265,80,13%
1069,40,19627,21445,80,17%
1070,41,10686,8392,80,11%
1071,63,2942,12154,80,19%
1073,51,8858,15669,80,11%
1074,40,16756,17323,80,15%
1076,79,10798,5268,80,13%
1077,54,2323,17205,80,14%
1079,36,1416,17258,80,13%
1080,74,4615,21029,80,23%
1081,34,2461,10332,80,12%
1082,72,8722,12355,80,12%
1083,59,3955,11141,80,16%
1084,85,9957,9096,80,15%
1085,43,3376,18863,80,13%
1088,65,8823,24608,80,18%
1092,61,10322,26542,80,20%
1094,87,4621,5869,80,19%
1096,65,10976,15813,80,18%
1097,59,3660,7909,80,13%
1098,91,10482,2326,80,14%
1099,34,7119,21214,80,15%
1100,86,9582,10333,80,22%
1101,54,4508,3129,80,22%
1102,50,2207,22482,80,16%
1103,45,7756,22266,80,17%
1105,88,6694,24223,80,14%
1106,32,3691,4605,80,15%
1107,37,2377,19373,80,20%
1108,55,2313,2993,80,20%
1109,35,17665,14399,80,17%
1111,45,2596,7160,80,15%
1113,81,4728,17251,80,14%
1114,30,4302,13401,80,17%
1115,40,2979,22478,80,17%
1116,35,16885,16154,80,22%
1117,65,5593,17970,80,13%
1118,87,10445,15322,80,19%
1119,73,8740,5569,80,14%
1120,93,2514,26968,80,22%
1121,93,7655,8039,80,17%
1124,52,17465,15596,80,12%
1125,32,7351,20619,80,16%
1126,83,10820,11535,80,11%
1127,84,12169,13547,80,11%
1128,44,19626,17544,80,14%
1131,70,2070,25326,80,11%
1132,70,6782,8770,80,15%
1133,78,7779,23238,80,20%
1135,67,2791,21981,80,12%
1136,67,3201,19911,80,17%
1137,54,4968,18500,80,11%
1138,56,13120,11879,80,17%
1140,95,4033,15834,80,11%
1143,61,3291,17940,80,14%
1148,56,4272,9558,80,19%
1150,79,5056,17689,80,15%
1152,37,2844,6004,80,13%
1154,39,2703,22088,80,14%
1156,80,1904,13556,80,12%
1157,77,8224,18385,80,17%
1158,46,4766,9051,80,11%
1160,72,2610,6233,80,12%
1161,52,5731,17171,80,13%
1162,55,2539,7950,80,13%
1163,70,5714,5829,80,20%
1164,100,4323,7108,80,17%
1165,45,7336,11162,80,13%
1166,88,13499,13782,80,17%
1167,44,13758,2447,80,12%
1171,45,5155,2253,80,13%
1172,58,2258,16340,80,12%
1173,49,3597,6409,80,22%
1175,79,2515,22955,80,11%
1177,82,4420,13421,80,22%
1179,72,6578,2706,80,18%
1180,92,4422,21203,80,13%
1182,44,10274,19588,80,18%
1184,97,5343,25755,80,20%
1185,47,2376,26537,80,13%
1188,85,5346,9489,80,13%
1190,76,2827,14947,80,12%
1191,92,19943,18575,80,13%
1192,54,3131,26342,80,13%
1193,54,2552,7172,80,25%
1195,83,4477,20100,80,19%
1196,56,6474,9961,80,13%
1198,87,3033,12828,80,12%
1200,96,2936,10826,80,11%
1201,50,18606,18640,80,18%
1202,69,2168,26933,80,18%
1203,48,2853,4223,80,11%
1204,69,17048,24097,80,23%
1206,74,2290,4279,80,13%
1207,99,3600,8429,80,13%
1210,95,2107,20293,80,17%
1211,61,4115,13192,80,19%
1212,62,4327,25440,80,12%
1215,30,17856,9490,80,22%
1216,78,3196,12449,80,12%
1217,52,19081,10849,80,11%
1218,94,8966,21026,80,15%
1219,97,2210,3372,80,13%
1220,82,4539,4905,80,12%
1221,60,2741,6865,80,14%
1224,49,3491,11309,80,13%
1225,32,4541,7744,80,25%
1226,43,2678,5050,80,17%
1228,60,7379,17433,80,11%
1231,79,6272,12858,80,16%
1233,52,5220,10893,80,18%
1234,77,2743,7331,80,20%
1235,38,4998,2338,80,14%
1237,77,10252,4235,80,21%
1238,60,2781,6311,80,13%
1239,84,6852,11591,80,12%
1240,57,4950,20623,80,14%
1241,63,3579,9369,80,21%
1242,60,13191,23281,80,17%
1243,78,10377,13755,80,11%
1244,42,2235,14377,80,14%
1245,53,10502,9659,80,17%
1246,72,2011,19982,80,13%
1248,96,1859,6148,80,25%
1249,97,3760,5598,80,15%
1250,85,17779,23474,80,14%
1251,80,6833,17089,80,12%
1252,96,6812,17198,80,19%
1254,48,5171,16490,80,17%
1255,96,19740,18625,80,14%
1256,85,18711,12124,80,13%
1257,46,3692,9256,80,12%
1258,76,2559,16620,80,11%
1259,76,2517,3208,80,11%
1260,82,6623,4204,80,11%
1263,76,18265,8733,80,12%
1264,87,16124,3423,80,14%
1265,89,2585,21643,80,17%
1267,88,18213,8751,80,11%
1268,82,8380,21708,80,14%
1269,57,2994,21221,80,12%
1270,47,1223,16901,80,22%
1273,73,1118,8040,80,14%
1275,53,2875,9973,80,20%
1277,94,18824,2493,80,16%
1278,37,13577,25592,80,15%
1279,45,2625,25308,80,20%
1280,33,18789,9946,80,14%
1281,86,4538,6039,80,12%
1282,83,19847,19196,80,24%
1283,67,10512,20002,80,12%
1285,46,4444,22534,80,13%
1286,44,2154,6842,80,11%
1288,92,19190,17477,80,14%
1289,56,4490,21833,80,11%
1291,66,3506,6020,80,14%
1292,78,2372,5628,80,16%
1293,56,10231,20364,80,14%
1294,53,5410,2323,80,11%
1295,73,7978,14075,80,11%
1296,52,3867,14222,80,12%
1297,40,2838,4257,80,14%
1298,72,4695,12858,80,18%
1299,39,3339,17285,80,13%
1301,84,2080,4732,80,11%
1303,40,2096,18830,80,18%
1304,56,6209,11693,80,15%
1306,83,18061,13035,80,22%
1307,94,17123,17334,80,13%
1308,88,2372,26076,80,12%
1309,79,4883,22845,80,18%
1310,93,3904,22154,80,13%
1311,48,4627,23631,80,12%
1312,63,7094,5747,80,12%
1314,44,3423,22957,80,12%
1315,55,6674,16392,80,11%
1317,43,16880,22422,80,11%
1318,57,9094,17235,80,12%
1319,64,8446,21534,80,19%
1321,95,11916,25927,80,23%
1322,32,4534,13352,80,11%
1324,57,9852,8935,80,19%
1329,40,6151,22074,80,13%
1331,54,2302,8319,80,11%
1333,89,2362,14669,80,12%
1334,37,17861,26582,80,13%
1336,58,19187,6992,80,14%
1338,99,19717,4022,80,14%
1340,74,3544,8532,80,16%
1344,86,8500,5494,80,11%
1346,98,4661,22455,80,13%
1349,66,4103,4297,80,17%
1350,87,4249,2690,80,11%
1352,84,14026,17588,80,11%
1355,31,6893,19461,80,15%
1356,66,6125,23553,80,12%
1358,67,3669,9075,80,11%
1360,53,10008,12023,80,14%
1361,88,2387,6762,80,22%
1362,83,4639,2261,80,16%
1363,54,7898,18706,80,11%
1364,98,2534,6527,80,14%
1367,82,13142,24439,80,16%
1368,97,1611,19305,80,15%
1369,60,5363,10846,80,12%
1371,43,5071,20392,80,20%
1372,85,13695,9277,80,17%
1373,68,13402,18235,80,12%
1374,92,2029,15891,80,20%
1375,89,6377,13888,80,20%
1377,86,5429,17491,80,13%
1379,90,2785,11882,80,14%
1380,67,4614,23288,80,18%
1382,57,2610,15748,80,11%
1383,98,6687,6163,80,11%
1387,48,4724,24232,80,11%
1389,98,6179,21057,80,15%
1390,44,6120,3567,80,12%
1391,52,10596,15395,80,11%
1392,75,5467,13953,80,14%
1394,54,2996,5182,80,15%
1395,61,9998,19293,80,13%
1396,36,4078,20497,80,13%
1397,71,10920,3449,80,21%
1399,93,6232,12477,80,11%
1401,59,13247,9731,80,11%
1402,73,4081,20003,80,14%
1403,98,5769,7100,80,11%
1405,51,2394,25681,80,13%
1407,36,3904,4050,80,12%
1408,31,16799,16616,80,14%
1409,54,2950,17363,80,13%
1411,94,3629,19106,80,18%
1412,60,9362,19944,80,11%
1415,81,3229,4910,80,11%
1417,100,3578,23577,80,12%
1419,51,7988,9769,80,13%
1420,97,4284,22710,80,20%
1421,84,7553,22930,80,12%
1422,54,17328,5652,80,19%
1423,76,19701,22456,80,21%
1424,81,14732,12414,80,13%
1425,99,9278,20763,80,16%
1427,50,1359,16154,80,12%
1428,73,4779,12761,80,14%
1430,93,16422,8847,80,11%
1431,91,2996,20284,80,14%
1433,34,1261,22262,80,12%
1434,91,2099,7679,80,14%
1435,37,5810,22604,80,16%
1436,98,5647,13494,80,13%
1438,74,3420,10205,80,12%
1439,68,4400,15182,80,12%
1440,84,3500,25470,80,14%
1441,90,2066,10494,80,22%
1443,82,17169,26703,80,19%
1445,42,4162,15211,80,12%
1446,97,9204,23343,80,12%
1447,86,3294,3708,80,17%
1448,90,2127,5561,80,12%
1449,81,3975,23099,80,11%
1453,31,10793,8386,80,18%
1457,52,10096,15986,80,11%
1458,54,3646,17181,80,23%
1459,100,7446,8931,80,11%
1460,95,10851,19863,80,18%
1461,96,2109,24609,80,18%
1464,94,3722,21081,80,13%
1465,55,9380,14720,80,18%
1466,96,5486,24795,80,11%
1467,52,2742,3072,80,15%
1468,55,13757,25178,80,11%
1469,84,8463,23490,80,18%
1471,90,3162,7973,80,14%
1472,39,16598,19764,80,12%
1473,96,6651,21534,80,14%
1474,68,2345,8045,80,14%
1475,49,3420,21158,80,13%
1477,54,4373,17456,80,14%
1478,81,4759,15891,80,18%
1479,96,5301,2939,80,15%
1480,74,3673,16458,80,13%
1481,79,4768,9282,80,12%
1482,64,1274,7152,80,13%
1483,93,4900,2721,80,24%
1484,35,10466,20948,80,14%
1485,71,17007,11929,80,14%
1486,92,2909,15747,80,15%
1487,51,5765,17485,80,11%
1489,40,4599,7815,80,23%
1492,76,2404,16192,80,13%
1494,89,3172,16998,80,11%
1495,78,2033,7103,80,13%
1496,86,10209,19719,80,18%
1497,77,8620,23757,80,14%
1499,46,2064,15428,80,21%
1501,30,4035,16143,80,16%
1502,82,3838,8192,80,11%
1503,78,4591,24200,80,17%
1504,38,2561,5355,80,11%
1506,72,1563,12530,80,14%
1507,55,4898,11827,80,14%
1509,43,4789,23070,80,25%
1513,97,3180,4668,80,13%
1514,96,6549,3173,80,14%
1515,69,6388,22049,80,17%
1516,64,11244,21072,80,25%
1520,87,16032,24456,80,20%
1522,100,2362,7568,80,13%
1523,32,16328,22074,80,13%
1525,32,8376,9150,80,18%
1527,51,16606,11380,80,12%
1529,91,8606,21195,80,19%
1533,97,2272,24812,80,14%
1534,86,2018,21831,80,14%
1535,64,7083,12288,80,14%
1537,33,4084,4156,80,12%
1539,88,14411,24450,80,13%
1541,55,2308,4944,80,25%
1542,68,4841,24052,80,14%
1543,47,4285,3031,80,17%
1544,39,9715,7288,80,13%
1545,44,4320,24152,80,13%
1546,97,2132,4585,80,20%
1547,40,10124,18611,80,14%
1548,47,5473,19345,80,12%
1549,79,5207,22949,80,12%
1550,38,16437,17381,80,21%
1551,57,2296,10036,80,14%
1552,72,4069,8841,80,18%
1553,66,7441,20933,80,12%
1554,98,2430,26204,80,23%
1555,67,5878,15624,80,12%
1556,70,2644,17001,80,21%
1557,96,6439,13693,80,14%
1558,91,2451,22376,80,18%
1560,46,6392,10589,80,13%
1562,64,9714,5323,80,11%
1563,71,6077,14814,80,11%
1564,68,2450,21731,80,19%
1568,33,9250,17799,80,12%
1569,69,2074,26619,80,12%
1572,78,10169,14618,80,16%
1573,81,4855,7653,80,11%
1574,62,4087,25174,80,14%
1576,65,2367,16530,80,12%
1577,35,2972,22061,80,13%
1578,60,19586,23037,80,21%
1580,45,5484,13008,80,17%
1581,89,2061,11133,80,21%
1582,80,9924,12355,80,11%
1583,90,4198,16379,80,12%
1585,73,6815,21447,80,13%
1586,87,4723,16213,80,18%
1587,51,6142,4223,80,16%
1588,38,8237,4658,80,11%
1590,87,8853,24483,80,19%
1591,59,19331,19519,80,16%
1592,45,2073,12826,80,16%
1594,80,5562,19711,80,13%
1595,93,19613,26362,80,22%
1596,46,3407,25348,80,17%
1597,92,5063,15332,80,14%
1598,84,4639,11262,80,15%
1599,87,4876,5855,80,12%
1601,63,2690,7713,80,18%
1602,56,17567,3156,80,15%
1604,51,2408,7324,80,17%
1605,85,2814,10293,80,14%
1606,41,11245,20689,80,15%
1607,35,3312,18783,80,17%
1608,31,19049,3549,80,14%
1609,48,2141,5348,80,12%
1611,50,5769,23447,80,14%
1612,52,4385,24162,80,15%
1613,54,5332,21602,80,13%
1614,76,4663,12421,80,12%
1615,42,4724,17000,80,13%
1617,84,3211,22102,80,14%
1618,76,5377,3835,80,13%
1619,67,4066,16290,80,11%
1621,48,5208,26312,80,11%
1622,39,4877,20460,80,21%
1623,97,3117,26009,80,18%
1624,70,1569,18420,80,12%
1625,98,19658,5220,80,11%
1627,76,3069,10302,80,15%
1628,80,10435,25800,80,13%
1630,52,4148,12250,80,12%
1631,85,5768,26493,80,17%
1633,81,5042,3140,80,13%
1635,59,5770,5388,80,19%
1638,54,7756,14199,80,19%
1639,55,10306,21530,80,17%
1640,71,3936,9953,80,11%
1641,84,7945,19948,80,15%
1642,37,5743,10503,80,11%
1644,89,15202,5602,80,25%
1645,59,5440,22098,80,14%
1646,32,3760,17218,80,13%
1647,86,3517,22490,80,17%
1648,87,2580,6297,80,13%
1649,73,2166,3339,80,14%
1650,42,5869,23413,80,11%
1651,42,8008,22792,80,12%
1653,77,5206,4973,80,17%
1654,66,5295,7693,80,21%
1655,72,16413,3498,80,16%
1656,50,13269,21981,80,15%
1657,31,2783,13251,80,19%
1658,66,5433,19332,80,12%
1659,77,2013,10950,80,11%
1661,41,13966,11652,80,19%
1662,33,4374,15411,80,15%
1664,79,6842,26308,80,20%
1665,91,17426,18685,80,25%
1666,65,17603,3525,80,24%
1667,36,4581,10414,80,24%
1668,90,4735,9867,80,15%
1669,43,4187,3356,80,13%
1670,93,5505,3921,80,14%
1671,45,5470,25518,80,13%
1673,67,5476,22589,80,11%
1674,74,2587,24941,80,16%
1675,42,2440,23826,80,22%
1676,47,15972,21086,80,14%
1677,36,15379,22384,80,14%
1678,80,7082,11591,80,16%
1680,54,2728,21082,80,11%
1681,36,5368,16130,80,25%
1682,80,5347,7419,80,14%
1683,44,3195,4167,80,18%
1684,93,3989,20586,80,11%
1687,87,3306,26176,80,19%
1689,48,7005,3458,80,15%
1691,95,2655,11740,80,11%
1692,95,1393,24852,80,12%
1693,76,2570,11925,80,20%
1694,94,3537,23737,80,12%
1696,57,3986,11912,80,14%
1697,92,10883,20467,80,20%
1698,79,2028,13637,80,18%
1700,31,9525,7677,80,14%
1701,35,2929,20338,80,12%
1702,99,2275,25103,80,21%
1703,96,7879,14810,80,19%
1704,79,4930,13970,80,14%
1706,73,7847,6069,80,17%
1707,62,4401,17616,80,16%
1708,35,9241,15869,80,12%
1709,43,2974,25412,80,17%
1710,51,4502,7439,80,15%
1712,74,10748,3395,80,23%
1714,58,1555,11585,80,11%
1716,82,12936,24164,80,11%
1718,62,2305,6217,80,15%
1719,48,16704,17119,80,11%
1720,56,3433,17360,80,13%
1721,69,3477,18103,80,14%
1722,60,6430,20794,80,19%
1724,92,6516,5041,80,16%
1725,91,3907,3622,80,13%
1727,34,5562,9697,80,14%
1728,49,6883,5151,80,16%
1729,33,2862,3811,80,12%
1731,87,4978,3536,80,11%
1732,74,10368,5596,80,12%
1733,96,6134,8658,80,13%
1734,34,6735,12147,80,15%
1735,51,3295,12862,80,13%
1736,30,5238,6670,80,20%
1737,77,6472,8989,80,15%
1739,80,9610,3840,80,13%
1740,88,19833,4349,80,14%
1744,56,9756,6595,80,21%
1745,78,4968,26427,80,16%
1746,59,2145,2097,80,14%
1747,66,2180,9732,80,11%
1749,51,8346,20943,80,19%
1751,67,3445,6152,80,11%
1752,52,2760,14630,80,13%
1753,70,6294,23060,80,12%
1754,94,7140,3088,80,11%
1755,97,2932,5586,80,14%
1756,62,5147,10697,80,15%
1757,80,4507,8191,80,12%
1758,74,8564,10092,80,20%
1760,75,2468,15963,80,14%
1761,70,8161,19002,80,13%
1762,91,2109,10007,80,13%
1763,58,5294,9128,80,16%
1764,65,2718,17674,80,14%
1766,60,5811,24539,80,16%
1767,38,2437,15587,80,16%
1768,57,2766,8952,80,22%
1770,60,19038,19805,80,12%
1771,90,3055,6194,80,15%
1772,94,2289,20520,80,20%
1774,87,4001,12313,80,14%
1775,60,12965,22308,80,20%
1778,97,3539,5033,80,13%
1779,32,6029,25353,80,12%
1780,31,2679,4567,80,13%
1782,40,3702,16376,80,11%
1783,79,2398,15999,80,17%
1784,91,5468,13402,80,14%
1786,53,13116,22984,80,11%
1787,46,4189,8800,80,14%
1789,46,19328,14218,80,17%
1790,90,8321,25949,80,13%
1792,99,2342,11092,80,12%
1794,89,4071,12832,80,13%
1797,84,5813,13492,80,18%
1798,90,3143,6076,80,19%
1799,82,2044,5531,80,11%
1800,65,13464,7914,80,21%
1801,98,7991,25166,80,15%
1802,99,3377,25605,80,17%
1803,95,5538,5696,80,18%
1804,90,5762,24442,80,14%
1805,100,2592,7129,80,13%
1807,93,5346,6208,80,17%
1809,58,4213,4992,80,15%
1812,83,4127,19188,80,18%
1813,52,2438,24978,80,13%
1814,85,6870,15530,80,12%
1815,81,10447,26458,80,13%
1816,64,9667,2739,80,14%
1818,69,2148,6889,80,11%
1821,66,8926,10842,80,22%
1822,52,6513,9060,80,17%
1823,92,6799,22128,80,21%
1824,52,16291,22577,80,22%
1826,91,2705,9696,80,16%
1827,92,10333,19271,80,12%
1829,47,4448,10748,80,12%
1830,68,6854,15696,80,15%
1833,68,9637,8277,80,14%
1834,67,3591,12719,80,25%
1835,77,5405,4244,80,20%
1836,46,4684,9125,80,13%
1837,87,15787,21624,80,14%
1839,33,1514,8018,80,16%
1842,89,2956,21495,80,17%
1844,56,2335,3157,80,15%
1845,67,5154,19665,80,22%
1847,73,6962,19573,80,22%
1849,92,5675,19246,80,20%
1850,53,2379,19826,80,14%
1852,40,3812,7003,80,13%
1853,79,4648,26075,80,13%
1854,38,2936,6161,80,22%
1856,64,2105,5411,80,12%
1857,82,8578,19989,80,14%
1858,43,2706,10494,80,15%
1859,93,6384,21143,80,17%
1860,81,3968,13624,80,13%
1862,82,9907,26186,80,12%
1863,45,13225,7739,80,12%
1864,36,3540,7018,80,21%
1865,87,2804,15434,80,11%
1866,81,19392,22539,80,13%
1867,91,19665,13583,80,12%
1868,73,2439,14753,80,24%
1869,64,7314,14011,80,21%
1870,77,4774,23844,80,19%
1871,41,3902,5141,80,14%
1873,98,2662,7975,80,20%
1875,78,2856,3692,80,19%
1876,89,1081,16019,80,13%
1878,75,2472,26092,80,23%
1880,63,5673,6060,80,13%
1881,89,4197,18624,80,11%
1882,64,9713,24444,80,13%
1883,59,2062,19384,80,14%
1885,78,4284,13588,80,22%
1886,44,4788,25388,80,11%
1888,93,5906,23888,80,13%
1890,94,3886,4223,80,21%
1892,98,16823,18991,80,11%
1893,90,2933,14908,80,13%
1898,89,6500,26997,80,14%
1900,58,17174,2437,80,11%
1903,78,5033,9364,80,15%
1905,85,2307,14460,80,23%
1907,97,2587,10261,80,16%
1908,33,5507,16822,80,16%
1909,54,4393,26841,80,21%
1911,83,13348,14842,80,13%
1912,86,6583,20115,80,11%
1915,75,8103,16495,80,12%
1916,62,3978,16031,80,12%
1918,61,2544,7102,80,18%
1922,44,5399,14511,80,12%
1924,43,5487,10410,80,14%
1927,42,6834,19255,80,12%
1928,45,1091,10642,80,17%
1929,32,5736,3987,80,19%
1931,41,2226,6073,80,11%
1932,86,5747,26496,80,15%
1933,84,9854,23352,80,11%
1934,64,5467,2125,80,18%
1935,89,5380,20328,80,16%
1936,87,5151,12315,80,25%
1937,58,2133,18115,80,16%
1938,72,17875,11761,80,13%
1939,47,2432,15318,80,14%
1940,71,4771,14293,80,19%
1941,42,19161,13738,80,15%
1943,77,5087,2900,80,12%
1944,58,2863,19555,80,12%
1945,71,5561,15975,80,16%
1947,49,2144,2122,80,14%
1948,48,3065,3995,80,13%
1949,66,2810,9238,80,22%
1950,32,9888,6770,80,21%
1951,39,8628,22914,80,18%
1952,95,2867,20006,80,13%
1954,89,5373,6225,80,12%
1955,34,6667,16542,80,18%
1956,48,5003,5771,80,21%
1960,32,2367,18779,80,12%
1961,59,2858,11473,80,14%
1962,55,5204,13586,80,11%
1965,44,4105,5099,80,14%
1966,56,9679,10138,80,24%
1967,63,5617,21075,80,11%
1968,66,10448,5843,80,13%
1969,67,2897,22474,80,11%
1970,36,5968,18079,80,20%
1971,30,7510,16873,80,17%
1972,88,2991,5224,80,11%
1973,71,19636,25811,80,18%
1974,59,1129,17536,80,11%
1975,77,13341,25098,80,12%
1976,37,4332,14811,80,12%
1979,40,11031,26862,80,20%
1980,77,4440,25198,80,19%
1981,45,4617,14120,80,12%
1982,78,2647,13672,80,13%
1985,73,6323,26849,80,11%
1986,92,5677,4258,80,14%
1987,82,2187,19655,80,14%
1989,76,3748,4077,80,13%
1992,57,3977,7298,80,19%
1993,84,8633,13084,80,23%
1994,59,2008,20439,80,12%
1995,86,4440,7636,80,15%
1996,54,3067,6393,80,19%
1997,72,5321,14284,80,11%
1998,35,5410,11189,80,17%
1999,76,2782,21412,80,22%
2000,98,11957,17231,80,18%
2003,43,2660,20232,80,11%
2007,63,3375,17624,80,12%
2008,48,5098,18698,80,19%
2009,95,4878,21653,80,13%
2010,49,2837,15919,80,13%
2012,83,2406,4060,80,19%
2013,68,2269,18024,80,14%
2014,52,4108,5340,80,13%
2015,99,13206,3376,80,12%
2016,48,10422,24032,80,19%
2017,42,13744,15471,80,25%
2018,85,4907,13684,80,22%
2019,40,3482,19788,80,15%
2020,42,2436,13422,80,12%
2021,58,2380,25479,80,11%
2022,87,19431,15302,80,13%
2023,33,1790,26956,80,19%
2024,94,7644,12695,80,19%
2025,97,5131,9192,80,13%
2026,57,6306,26236,80,21%
2027,36,4787,26124,80,14%
2031,56,18880,17312,80,11%
2032,72,2339,3666,80,11%
2034,60,13570,5640,80,23%
2035,95,6712,8978,80,21%
2036,88,5406,10436,80,24%
2037,57,8938,12227,80,11%
2038,78,2439,11288,80,14%
2040,31,8837,16642,80,16%
2041,100,5343,5982,80,11%
2044,94,6728,14255,80,12%
2045,100,6652,14369,80,13%
2046,50,4850,23333,80,15%
2048,52,2809,2725,80,14%
2049,80,5689,24594,80,14%
2051,98,2001,12549,80,14%
2052,62,2977,8952,80,12%
2053,46,4025,23679,80,13%
2054,73,3785,8489,80,14%
2055,39,10854,16586,80,13%
2056,60,12031,8828,80,11%
2057,74,9936,3787,80,19%
2060,30,2966,21378,80,18%
2061,41,2571,12290,80,17%
2062,42,9991,21457,80,15%
2064,87,6142,5174,80,20%
2065,63,5390,13243,80,14%
2068,82,4404,10228,80,12%
